pseoInstitutionId,name,state,city,lat,lon,tuitionInState,tuitionOutState,roomCost,bookCost,totalCostEstimate,loanPrincipal,pellGrantRate,federalLoanRate,studentsWithAnyLoan,medianDebtOverall,completerDebt,monthlyPayment,gradCohort,gradCohortYears,y1P25Earnings,y1P50Earnings,y1P75Earnings,y1GradsEarn,y1IpedsCount,earningsDebtRatio,matchMethod
00154100,Abraham Baldwin Agricultural College,GA,Tifton,31.481889,-83.528281,3565,10471,7910,900,12375,8750,0.3891,0.3563,0.712760549,8750,17500,174.94,2019,3,31663,43775,55192,791,974,2.5,exact
00134500,Adams State University,CO,Alamosa,37.473636,-105.879642,9560,21296,8916,1800,20276,11779,0.4106,0.5409,0.801746725,11779,21500,214.93,2019,3,28304,40889,53767,631,1013,1.9,exact
00154200,Agnes Scott College,GA,Decatur,33.769268,-84.295459,44250,44250,13050,1000,58300,20250,0.407,0.5672,0.9075,20250,26737,267.28,2019,3,23899,34035,46617,413,716,1.27,exact
00154400,Albany State University,GA,Albany,31.56928,-84.141825,5934,16656,10076,1460,17470,12062,0.6622,0.6753,0.920170628,12062,26487,264.78,2019,3,27541,39439,58945,1105,1457,1.49,exact
00137400,Albertus Magnus College,CT,New Haven,41.332519,-72.923848,35410,35410,14454,1000,50864,25250,0.5134,0.8073,0.957972806,25250,30836,308.26,2019,3,35474,51913,73604,576,791,1.68,exact
00341700,Allen University,SC,Columbia,34.010348,-81.020045,13340,13340,7894,1000,22234,9816,0.8693,0.8493,0.925,9816,35000,349.88,2019,3,20148,26970,36215,99,152,0.77,exact
00354100,Angelo State University,TX,San Angelo,31.440914,-100.465051,7907,17723,9630,1200,18737,12058,0.3127,0.3301,0.763273588,12058,19809,198.02,2019,3,27800,39707,54353,2331,3474,2.0,exact
00290600,Appalachian State University,NC,Boone,36.215536,-81.680583,7410,22217,9174,700,17284,16000,0.2872,0.4533,0.847611203,16000,20271,202.64,2019,3,28037,40878,54398,8699,12874,2.02,exact
00108100,Arizona State University,AZ,Tempe,33.417721,-111.934383,11338,29428,13510,1300,26148,13632,0.3315,0.3477,0.794091808,13632,20000,199.93,2019,3,34698,50017,70522,43383,39820,2.5,manual
01216500,Atlanta Metropolitan  State College,GA,Atlanta,33.70893,-84.404659,3505,10131,6480,1440,11425,5500,0.6188,0.2885,0.456944444,5500,13220,132.16,2019,3,32198,45300,65458,122,171,3.43,exact
00233400,Augsburg University,MN,Minneapolis,44.966307,-93.240436,40005,40005,10886,1200,52091,19329,0.4856,0.7578,0.871194379,19329,25000,249.92,2019,3,31412,44673,63054,1267,1891,1.79,exact
00157900,Augusta University,GA,Augusta,33.47037,-81.989071,9022,24400,10884,2000,21906,13250,0.3858,0.4625,0.812280702,13250,21385,213.78,2019,3,31268,48129,70812,2115,3148,2.25,exact
00163400,Aurora University,IL,Aurora,41.753631,-88.349023,25600,25600,10474,1560,37634,16000,0.4393,0.6311,0.873330263,16000,21250,212.43,2019,3,31706,45295,62476,2609,3457,2.13,exact
00370200,Averett University,VA,Danville,36.577287,-79.413203,36670,36670,10920,1000,48590,17149,0.4631,0.7539,0.934487021,17149,25000,249.92,2019,3,28641,42128,54608,465,858,1.69,exact
00178600,Ball State University,IN,Muncie,40.203431,-85.409043,10144,27132,10796,1350,22290,16750,0.3346,0.528,0.890135772,16750,23250,232.42,2019,3,30165,42110,55550,7021,10720,1.81,exact
00233600,Bemidji State University,MN,Bemidji,47.482341,-94.874119,9076,9076,8920,890,18886,13000,0.2927,0.5141,0.888703627,13000,19500,194.94,2019,3,34891,49516,69441,2340,3027,2.54,exact
00176700,Benedictine University,IL,Lisle,41.777569,-88.097307,34290,34290,9956,1510,45756,17775,0.4079,0.6037,0.887810794,17775,22500,224.93,2019,3,31802,47017,70764,1540,2030,2.09,exact
00155400,Berry College,GA,Mount Berry,34.290414,-85.189202,37946,37946,13370,1000,52316,19500,0.227,0.4776,0.927055703,19500,23987,239.79,2019,3,26799,39437,54705,1377,1500,1.64,exact
00233700,Bethany Lutheran College,MN,Mankato,44.166649,-93.990805,28380,28380,8090,800,37270,17750,0.2308,0.525,0.93625498,17750,24250,242.42,2019,3,29381,41501,53611,235,361,1.71,exact
00905800,Bethel University,MN,Saint Paul,45.057655,-93.161663,39030,39030,10960,1290,51280,17827,0.2396,0.5989,0.933764136,17827,22500,224.93,2019,3,37126,52430,72063,1692,2388,2.33,exact
00283600,Binghamton University,NY,Vestal,42.087868,-75.966889,10014,27604,15601,1000,26615,15000,0.2661,0.4276,0.888505499,15000,18750,187.44,2019,3,29026,45576,69903,6841,11028,2.43,exact
00345900,Black Hills State University,SD,Spearfish,44.494889,-103.870966,8672,11742,7200,1200,17072,14125,0.2337,0.3909,0.900191939,14125,25000,249.92,2019,3,29978,40280,51755,999,1274,1.61,exact
00301800,Bowling Green State University,OH,Bowling Green,41.375513,-83.640896,11573,19562,10714,728,23015,17500,0.2535,0.5406,0.92389996,17500,25000,249.92,2019,3,29417,42047,55737,6717,9544,1.68,exact
00728700,Brazosport College,TX,Lake Jackson,29.048604,-95.40934,2401,4738,8700,1125,12226,3500,0.141,0.0128,0.106293706,3500,3500,,2019,3,48715,72156,118108,117,134,20.62,exact
00370400,Bridgewater College,VA,Bridgewater,38.378484,-78.969007,37720,37720,13360,1150,52230,18500,0.3327,0.7134,0.958167331,18500,26469,264.6,2019,3,25354,34683,48083,775,1171,1.31,exact
00162500,Brigham Young University - Idaho,ID,Rexburg,43.818408,-111.782431,4300,4300,4368,400,9068,8645,0.3279,0.1894,0.540184694,8645,13243,132.39,2019,3,28891,43335,61164,8806,16001,3.27,exact
00340200,Bryant University,RI,Smithfield,41.920092,-71.539547,46863,46863,15893,1400,64156,23250,0.1146,0.5192,0.967769296,23250,26727,267.18,2019,3,46583,62516,75087,1843,2657,2.34,exact
00727300,CUNY Bernard M. Baruch College,NY,New York,40.740238,-73.983417,7462,15412,19317,1364,28143,9500,0.4915,0.0847,0.211642113,9500,11130,111.26,2019,3,36855,53849,74087,7127,11581,4.84,exact
00268700,CUNY Brooklyn College,NY,Brooklyn,40.631517,-73.949898,7440,15390,17427,1364,26231,9332,0.5442,0.1046,0.235174145,9332,11000,109.96,2019,3,28254,42384,59077,5315,9155,3.85,exact
00476500,CUNY Graduate School & University Center,NY,New York,40.748612,-73.983822,,,,,,9000,0.299,0.1569,0.483091787,9000,12460,124.56,2019,3,52245,79409,113859,1592,1927,6.37,exact
00268900,CUNY Hunter College,NY,New York,40.768669,-73.964795,7382,15332,9976,1364,18722,9481,0.4969,0.0855,0.225400458,9481,12000,119.96,2019,3,28698,43241,63133,6034,10487,3.6,exact
00269300,CUNY John Jay College of Criminal Justice,NY,New York,40.770351,-73.98841,7470,15420,22540,1364,31374,8736,0.5693,0.0978,0.222299049,8736,11000,109.96,2019,3,30015,43687,58678,6599,9743,3.97,exact
00702200,CUNY Lehman College,NY,Bronx,40.872962,-73.895379,7410,15360,14776,1364,23550,8500,0.5516,0.1647,0.297795384,8500,10812,108.08,2019,3,32957,47235,65276,6052,8351,4.37,exact
01009700,CUNY Medgar Evers College,NY,Brooklyn,40.666256,-73.957076,7352,15302,17427,1364,26143,6775,0.6102,0.1833,0.215026633,6775,10500,104.97,2019,3,32115,46588,61888,1512,2063,4.44,exact
00269000,CUNY Queens College,NY,Queens,40.735182,-73.816098,7538,15488,15486,1364,24388,9000,0.4685,0.1002,0.237205652,9000,11000,109.96,2019,3,29314,43580,61983,6041,11127,3.96,exact
00475900,CUNY York College,NY,Jamaica,40.701576,-73.796313,7358,15308,17427,1364,26149,7500,0.4792,0.0724,0.153525736,7500,10500,104.97,2019,3,32144,46623,63170,2538,3655,4.44,exact
00137800,Central Connecticut State University,CT,New Britain,41.692502,-72.765991,11502,24906,12716,1600,25818,16668,0.3774,0.5245,0.875336104,16668,22000,219.93,2019,3,32486,47669,66638,4269,5935,2.17,exact
00302600,Central State University,OH,Wilberforce,39.715787,-83.880186,6726,8726,10480,1200,18406,10250,0.942,0.8844,0.951201201,10250,31000,309.9,2019,3,26577,37060,50384,526,686,1.2,exact
00341900,Charleston Southern University,SC,Charleston,32.983047,-80.072587,28100,28100,10400,,38500,18500,0.3707,0.5624,0.887760857,18500,27000,269.91,2019,3,30771,43173,56184,1151,1785,1.6,exact
03234300,Charter Oak State College,CT,New Britain,41.688246,-72.767972,8553,11166,3824,1600,13977,12500,0.362,0.4092,0.774550484,12500,18750,187.44,2019,3,43484,63153,99081,1029,1362,3.37,exact
00169400,Chicago State University,IL,Chicago,41.718446,-87.609384,11204,11204,8724,1800,21728,22000,0.6172,0.8055,0.859703819,22000,31000,309.9,2019,3,32155,42970,59819,633,1055,1.39,exact
00370600,Christopher Newport University,VA,Newport News,37.062495,-76.494364,14924,27790,11760,1304,27988,19500,0.1271,0.4472,0.951058201,19500,24739,247.31,2019,3,27672,41252,57624,2345,3556,1.67,exact
00342300,"Citadel, The Military College of South Carolina",SC,Charleston,32.797183,-79.958775,12620,35876,7332,8144,28096,18500,0.2128,0.4519,0.898758357,18500,23000,229.92,2019,3,39097,56639,74121,1132,2017,2.46,exact
00342400,Claflin University,SC,Orangeburg,33.498444,-80.854319,17046,17046,9480,1900,28426,20500,0.715,0.8424,0.925170068,20500,30000,299.9,2019,3,25694,36315,56939,783,1106,1.21,exact
00155900,Clark Atlanta University,GA,Atlanta,33.747628,-84.412584,21695,21695,11506,1900,35101,19000,0.6875,0.8481,0.976624591,19000,27000,269.91,2019,3,27860,41344,55464,872,1782,1.53,exact
00897600,Clayton State University,GA,Morrow,33.594079,-84.328174,5568,16290,11114,2074,18756,17020,0.5079,0.4841,0.822680412,17020,26865,268.56,2019,3,30323,42675,61544,2037,2896,1.59,exact
00342500,Clemson University,SC,Clemson,34.679381,-82.835114,15558,38550,11850,1188,28596,19500,0.164,0.3734,0.911736732,19500,21500,214.93,2019,3,35625,53600,72580,9945,14829,2.49,exact
00303200,Cleveland State University,OH,Cleveland,41.502281,-81.674355,11185,15952,12990,800,24975,15750,0.4048,0.5368,0.87527769,15750,22000,219.93,2019,3,31165,44740,63533,5660,8354,2.03,exact
00345100,Coastal Carolina University,SC,Conway,33.794995,-79.011767,11640,27394,9890,1098,22628,17000,0.3408,0.6163,0.936850212,17000,24534,245.26,2019,3,25333,35321,47053,3808,5882,1.44,exact
00342700,Coker University,SC,Hartsville,34.37696,-80.070416,31524,31524,9892,2000,43416,16000,0.5518,0.6195,0.926694329,16000,26991,269.82,2019,3,28672,38909,52390,413,607,1.44,exact
00342800,College of Charleston,SC,Charleston,32.784225,-79.939794,12978,33308,12959,1262,27199,17750,0.2214,0.3984,0.899296156,17750,23000,229.92,2019,3,28493,41244,54965,4234,6888,1.79,exact
00155800,College of Coastal Georgia,GA,Brunswick,31.182745,-81.485973,3933,10839,10636,1750,16319,8250,0.3994,0.3293,0.671099744,8250,16000,159.95,2019,3,30219,43765,62100,691,946,2.74,exact
00234100,College of Saint Benedict,MN,Saint Joseph,45.561792,-94.319888,48444,48444,11346,1000,60790,24247,0.2323,0.6602,0.968030691,24247,27000,269.91,2019,3,33301,46872,65905,988,1373,1.74,exact
00234300,College of Saint Scholastica,MN,Duluth,46.816082,-92.106134,39410,39410,10340,1150,50900,17188,0.2824,0.6192,0.931572629,17188,20000,199.93,2019,3,41130,60496,78880,1869,2479,3.02,exact
00269800,College of Staten Island/CUNY,NY,Staten Island,40.601831,-74.14849,7490,15440,19135,1364,27989,8250,0.4934,0.1433,0.281786942,8250,14263,142.58,2019,3,28477,43056,62198,3180,4917,3.02,exact
02361400,Collin County Community College District,TX,McKinney,33.16241,-96.63894,1624,5014,9528,1800,12952,4500,0.1568,0.0841,0.514377855,4500,7560,75.57,2019,3,58659,78529,110938,34,26,10.39,exact
00135800,Colorado Mesa University,CO,Grand Junction,39.080643,-108.553275,8686,22235,11168,1560,21414,12000,0.3225,0.4377,0.848761722,12000,22000,219.93,2019,3,30555,43948,62336,2584,3449,2.0,exact
00450600,Colorado Mountain College,CO,Glenwood Springs,39.54636,-107.324441,2340,11484,10431,840,13611,5500,0.1414,0.0956,0.64962963,5500,11000,109.96,2019,3,35012,49242,71572,365,476,4.48,exact
00134800,Colorado School of Mines,CO,Golden,39.751443,-105.223364,19100,39800,14720,1500,35320,19500,0.1519,0.3856,0.919174549,19500,23250,232.42,2019,3,55064,74653,90348,2296,3232,3.21,exact
00135000,Colorado State University,CO,Pueblo,38.30859,-104.579033,8591,15149,10930,1800,21321,14250,0.3582,0.58,0.822425629,14250,21923,219.16,2019,3,30000,43587,62213,10917,16604,1.99,fuzzy
04208700,Colorado State University - Global Campus,CO,Aurora,39.724786,-104.786666,8400,8400,10168,768,19336,16078,0.2782,0.4018,0.899856682,16078,25000,249.92,2019,3,51285,70763,99627,4768,5940,2.83,exact
00136500,Colorado State University-Pueblo,CO,Pueblo,38.30859,-104.579033,8591,15149,10930,1800,21321,14250,0.3582,0.58,0.822425629,14250,21923,219.16,2019,3,31048,44390,64482,1488,2205,2.02,exact
00343000,Columbia College,SC,Columbia,34.045581,-81.029967,20690,20690,8300,1268,30258,15000,0.5363,0.7387,0.88172043,15000,22258,222.51,2019,3,33991,45295,63015,675,1016,2.03,exact
00342900,Columbia International University,SC,Columbia,34.07551,-81.07443,24650,24650,8950,600,34200,10250,0.3623,0.4864,0.902439024,10250,19875,198.68,2019,3,23058,31637,42505,156,561,1.59,exact
00156100,Columbus State University,GA,Columbus,32.50096,-84.94106,6241,17295,11520,1440,19201,16875,0.4452,0.5121,0.837326608,16875,25880,258.71,2019,3,29210,43516,64243,2289,3269,1.68,exact
00381000,Concord University,WV,Athens,37.423723,-81.006696,8385,18037,9304,1100,18789,11215,0.4809,0.5045,0.716374269,11215,18557,185.51,2019,3,26628,35454,45372,703,1119,1.91,exact
00234600,Concordia College - Moorhead,MN,Moorhead,46.862482,-96.76749,43266,43266,8890,800,52956,20601,0.213,0.6685,0.977190876,20601,26490,264.81,2019,3,31252,45594,56448,1042,1523,1.72,fuzzy
00234700,Concordia University - Saint Paul,MN,Saint Paul,44.949759,-93.154861,23400,23400,9600,2000,35000,12500,0.377,0.5766,0.920098341,12500,18194,181.88,2019,3,40825,60252,85173,2211,2710,3.31,exact
00137900,Connecticut College,CT,New London,41.379833,-72.107321,59025,59025,16290,1000,76315,19500,0.158,0.417,0.941176471,19500,23250,232.42,2019,3,33969,49438,67409,753,1537,2.13,exact
00343100,Converse University,SC,Spartanburg,34.955534,-81.917881,20500,20500,11600,1500,33600,19084,0.4158,0.1238,0.926441352,19084,26500,264.91,2019,3,28504,38861,48338,365,657,1.47,exact
00348400,Covenant College,GA,Lookout Mountain,34.965161,-85.375066,36710,36710,10970,1170,48850,18250,0.2051,0.4693,0.886153846,18250,23430,234.22,2019,3,25616,37352,49145,543,678,1.59,exact
00346300,Dakota State University,SD,Madison,44.013014,-97.113358,9536,12606,7148,1200,17884,13250,0.2232,0.4383,0.943201377,13250,23375,233.67,2019,3,37061,51257,66976,805,1031,2.19,exact
00395600,Dalton State College,GA,Dalton,34.774221,-85.002775,3683,10589,8588,1350,13621,7001,0.477,0.1843,0.343721357,7001,13200,131.96,2019,3,31872,42622,54851,1207,1533,3.23,exact
00175000,Dominican University,IL,River Forest,41.902678,-87.823003,35420,35420,10865,1200,47485,19500,0.4644,0.6597,0.907926341,19500,25000,249.92,2019,3,30365,44586,62493,1259,1622,1.78,exact
00292300,East Carolina University,NC,Greenville,35.607186,-77.368291,7239,23516,10136,1524,18899,18000,0.329,0.4881,0.881101239,18000,23311,233.03,2019,3,32217,46047,62070,11110,15656,1.98,exact
01099700,East Georgia State College,GA,Swainsboro,32.594944,-82.309021,3136,9488,9664,1440,14240,5500,0.5888,0.3984,0.687276626,5500,11500,114.96,2019,3,51929,77273,93589,54,63,6.72,exact
00142500,Eastern Connecticut State University,CT,Willimantic,41.721673,-72.218753,12304,25708,14434,800,27538,17639,0.3196,0.5796,0.92412039,17639,23700,236.92,2019,3,27843,40054,54472,2450,3302,1.69,exact
00167400,Eastern Illinois University,IL,Charleston,39.479843,-88.175658,12136,14447,10262,150,22548,16632,0.3498,0.4482,0.878444084,16632,21900,218.93,2019,3,29557,40430,54073,2361,3510,1.85,exact
00370800,Eastern Mennonite University,VA,Harrisonburg,38.471134,-78.880326,39220,39220,11730,1000,51950,18750,0.3098,0.6217,0.95,18750,25000,249.92,2019,3,37331,58233,83108,707,938,2.33,exact
00319300,Eastern Oregon University,OR,La Grande,45.319795,-118.092495,9405,22509,10152,1245,20802,13868,0.4036,0.4416,0.833454019,13868,20458,204.51,2019,3,32448,46517,62174,1302,1808,2.27,exact
00292600,Elizabeth City State University,NC,Elizabeth City,36.277978,-76.214041,3260,7260,8543,1240,13043,13078,0.6602,0.6513,0.790769231,13078,23000,229.92,2019,3,25645,36248,45840,565,743,1.58,exact
00167600,Elmhurst University,IL,Elmhurst,41.897164,-87.945369,38654,38654,10776,1200,50630,16500,0.3597,0.5853,0.875455208,16500,20068,200.61,2019,3,33095,48471,65246,1773,2374,2.42,exact
00343200,Erskine College,SC,Due West,34.332087,-82.39095,36510,36510,11465,2100,50075,12000,0.4342,0.7215,0.942257218,12000,27000,269.91,2019,3,25504,37592,48736,160,309,1.39,exact
00167800,Eureka College,IL,Eureka,40.71482,-89.269624,28360,28360,10005,1200,39565,15813,0.386,0.7037,0.944584383,15813,25000,249.92,2019,3,26550,38573,49469,366,428,1.54,exact
00138500,Fairfield University,CT,Fairfield,41.157673,-73.255903,51325,51325,15610,1150,68085,24450,0.0985,0.5117,0.956009427,24450,26322,263.13,2019,3,43436,62577,83312,2006,3273,2.38,exact
00381200,Fairmont State University,WV,Fairmont,39.483079,-80.162433,7738,16814,9730,1000,18468,12500,0.3904,0.5223,0.829367089,12500,21250,212.43,2019,3,28755,41535,60807,1344,2031,1.95,exact
00286600,Fashion Institute of Technology,NY,New York,40.74731,-73.994781,5913,16493,15200,1850,22963,12000,0.3118,0.323,0.746251442,12000,13000,129.96,2019,3,31460,46641,59560,2940,4990,3.59,exact
00292800,Fayetteville State University,NC,Fayetteville,35.073641,-78.891696,5309,16917,9440,420,15169,15520,0.5353,0.5358,0.794050343,15520,22890,228.82,2019,3,31873,46255,70983,2239,3153,2.02,exact
00371100,Ferrum College,VA,Ferrum,36.926912,-80.021639,36695,36695,12400,800,49895,14000,0.5404,0.8158,0.955531453,14000,27000,269.91,2019,3,26454,37489,48558,382,552,1.39,exact
00135300,Fort Lewis College,CO,Durango,37.275939,-107.867422,8896,19552,11858,1240,21994,9726,0.3622,0.3765,0.788602941,9726,18013,180.07,2019,3,24395,33280,44882,1137,1867,1.85,exact
00156600,Fort Valley State University,GA,Fort Valley,32.537595,-83.89537,5832,16554,8372,1500,15704,21500,0.751,0.8308,0.938059188,21500,31000,309.9,2019,3,23134,31640,42066,707,1088,1.02,exact
00922600,Francis Marion University,SC,Florence,34.189777,-79.652854,11160,21544,8230,1138,20528,16750,0.4679,0.5295,0.874366197,16750,27000,269.91,2019,3,26704,38930,53479,1173,1721,1.44,exact
00343400,Furman University,SC,Greenville,34.924676,-82.440458,52092,52092,13362,810,66264,19500,0.1239,0.2868,0.909379968,19500,23731,237.23,2019,3,28483,44070,60144,1006,2348,1.86,exact
00374900,George Mason University,VA,Fairfax,38.829976,-77.307428,13014,37410,12090,1278,26382,16000,0.2958,0.4074,0.836045664,16000,19750,197.43,2019,3,34402,51955,74032,12181,18255,2.63,exact
00160200,Georgia College & State University,GA,Milledgeville,33.082787,-83.231962,9524,28704,11318,1000,21842,16950,0.187,0.4107,0.893638171,16950,22500,224.93,2019,3,30779,45422,60676,2503,3814,2.02,exact
04142900,Georgia Gwinnett College,GA,Lawrenceville,33.979409,-84.00459,4948,13734,13680,1430,20058,8851,0.5141,0.3538,0.661812779,8851,20467,204.6,2019,3,30758,43774,56899,2497,3517,2.14,exact
00950700,Georgia Highlands College,GA,Rome,34.169791,-85.207356,3344,9696,8372,1200,12916,6500,0.4154,0.2129,0.490201342,6500,11104,111.0,2019,3,42214,60272,87955,296,319,5.43,exact
00156900,Georgia Institute of Technology,GA,Atlanta,33.77242,-84.394832,12852,33964,12090,800,25742,20250,0.1321,0.2263,0.813718663,20250,22250,222.43,2019,3,61461,80327,99538,7868,11495,3.61,manual
00157200,Georgia Southern University,GA,Statesboro,32.426153,-81.784045,6485,17539,10136,1200,17821,16500,0.3638,0.4906,0.889981147,16500,23250,232.42,2019,3,30519,44915,62880,8718,13283,1.93,exact
00157300,Georgia Southwestern State University,GA,Americus,32.054662,-84.217738,5464,16186,8420,1200,15084,11863,0.3799,0.4512,0.846153846,11863,20100,200.93,2019,3,31227,42869,61969,916,1223,2.13,exact
00157400,Georgia State University,GA,Atlanta,33.7527,-84.38667,9286,24517,15592,2000,26878,12000,0.4934,0.4923,0.695005314,12000,21500,214.93,2019,3,28176,41672,59505,9703,16015,1.94,exact
02244900,Goodwin University,CT,East Hartford,41.742977,-72.64032,20998,20998,6200,1000,28198,13898,0.7737,0.5028,0.881734141,13898,31096,310.86,2019,3,48213,71863,93929,426,505,2.31,exact
00157500,Gordon State College,GA,Barnesville,33.04571,-84.154508,3789,10695,9167,1340,14296,8250,0.4887,0.4544,0.755463918,8250,16450,164.45,2019,3,31322,42527,63808,521,691,2.59,exact
00200600,Grambling State University,LA,Grambling,32.523797,-92.713245,7635,16658,10990,1800,20425,24727,0.7598,0.8476,0.968057922,24727,36750,367.38,2019,3,23488,32740,44849,1006,1665,0.89,exact
00357000,Grayson College,TX,Denison,33.70574,-96.633891,2702,5312,6946,1000,10648,6865,0.3239,0.1192,0.354231975,6865,11584,115.8,2019,3,75672,93504,114831,118,83,8.07,exact
00235300,Gustavus Adolphus College,MN,Saint Peter,44.323626,-93.972196,48789,48789,10430,900,60119,24250,0.2825,0.6245,0.954965358,24250,27000,269.91,2019,3,32172,45505,59959,1136,1609,1.69,exact
00235400,Hamline University,MN,Saint Paul,44.966246,-93.164479,45145,45145,10810,690,56645,15750,0.3884,0.6609,0.923146474,15750,23500,234.92,2019,3,28271,40342,53222,1168,1686,1.72,exact
00371300,Hampden Sydney College,VA,Hampden-Sydney,37.240615,-78.464216,48110,48110,13876,1200,63186,19500,0.1662,0.5368,0.956632653,19500,27000,269.91,2019,3,34877,49768,61243,441,689,1.84,exact
00371400,Hampton University,VA,Hampton,37.019944,-76.339161,29312,29312,12986,1100,43398,18500,0.3484,0.5942,0.93495935,18500,26000,259.91,2019,3,28725,43925,66729,1267,2035,1.69,exact
00246600,Harris - Stowe State University,MO,Saint Louis,38.631744,-90.224288,5484,10116,9691,800,15975,10530,0.7589,0.7227,0.763705104,10530,27655,276.46,2019,3,27289,37074,47310,487,588,1.34,exact
00371500,Hollins University,VA,Roanoke,37.354201,-79.943277,40110,40110,14300,800,55210,25000,0.3593,0.6692,0.952261307,25000,27000,269.91,2019,3,23866,32662,43476,293,539,1.21,exact
00169200,Illinois State University,IL,Normal,40.509403,-88.990058,15319,26843,9850,820,25989,16000,0.3041,0.554,0.915322581,16000,20000,199.93,2019,3,34880,47264,61465,10861,14371,2.36,exact
00180700,Indiana State University,IN,Terre Haute,39.469073,-87.407846,9466,20570,11016,1200,21682,14000,0.393,0.558,0.863613572,14000,23457,234.49,2019,3,32766,44919,62792,3980,5949,1.91,exact
00180900,Indiana University - Bloomington,IN,Bloomington,39.16609,-86.526559,11221,37600,11206,930,23357,15712,0.1808,0.303,0.846608657,15712,19500,194.94,2019,3,35219,53005,74616,14683,23745,2.72,exact
00181100,Indiana University - East,IN,Richmond,39.868707,-84.881923,7715,20574,8040,930,16685,12000,0.3589,0.394,0.764364481,12000,18120,181.14,2019,3,35112,47956,67794,1623,2065,2.65,exact
00181400,Indiana University - Kokomo,IN,Kokomo,40.460062,-86.132048,7715,20574,8040,930,16685,11000,0.3651,0.4133,0.728553137,11000,17994,179.88,2019,3,33232,46644,68246,1371,1653,2.59,exact
00181500,Indiana University - Northwest,IN,Gary,41.557324,-87.337249,7715,20574,8040,930,16685,12500,0.4259,0.4157,0.731368187,12500,22500,224.93,2019,3,32070,45214,61656,1262,1705,2.01,exact
00181300,Indiana University - Purdue University Indianapolis,IN,Indianapolis,39.772948,-86.172217,9944,31626,10152,930,21026,13741,0.355,0.4049,0.77959946,13741,20382,203.75,2019,3,34620,48396,65156,9380,13418,2.37,exact
00181600,Indiana University - South Bend,IN,South Bend,41.665324,-86.221991,7715,20574,8958,930,17603,11403,0.4109,0.4346,0.73153527,11403,21447,214.4,2019,3,31473,43967,58927,1732,2384,2.05,exact
00181700,Indiana University Southeast,IN,New Albany,38.345191,-85.819985,7715,20574,10382,930,19027,11500,0.3621,0.3671,0.711620017,11500,19693,196.86,2019,3,31452,42720,56354,1815,2464,2.17,exact
00372100,James Madison University,VA,Harrisonburg,38.436311,-78.870484,12330,29230,11348,1082,24760,17076,0.1431,0.3487,0.899397136,17076,20500,204.93,2019,3,31108,47929,67813,9976,14540,2.34,exact
00170000,Judson University,IL,Elgin,42.061754,-88.291336,29870,29870,10790,1270,41930,14000,0.4216,0.6558,0.907308378,14000,24899,248.91,2019,3,30341,40793,55464,429,629,1.64,exact
00157700,Kennesaw State University,GA,Kennesaw,34.038807,-84.583052,6436,17690,12947,1500,20883,15631,0.3359,0.4235,0.830065812,15631,24000,239.92,2019,3,33923,49609,66161,12465,16961,2.07,exact
00358100,Lamar University,TX,Beaumont,30.042738,-94.072244,8591,18407,9064,1200,18855,13000,0.4081,0.4272,0.820932317,13000,21119,211.12,2019,3,35405,52603,75725,3881,5375,2.49,exact
00343500,Lander University,SC,Greenwood,34.199892,-82.164736,11700,21300,10570,1200,23470,12306,0.4338,0.625,0.902578797,12306,25608,256.0,2019,3,27872,38419,50643,1156,1550,1.5,exact
00170700,Lewis University,IL,Romeoville,41.605432,-88.079032,34478,34478,11050,1500,47028,19500,0.3292,0.548,0.910318226,19500,22746,227.38,2019,3,33328,49142,67746,2644,3496,2.16,exact
02053000,Liberty University,VA,Lynchburg,37.350232,-79.18222,21587,21587,11273,1299,34159,15909,0.4172,0.5511,0.86420932,15909,25000,249.92,2019,3,32217,47096,67718,17078,29142,1.88,exact
02074800,Life University,GA,Marietta,33.932781,-84.514729,13596,13596,14400,2400,30396,9500,0.3914,0.57,0.907662083,9500,16801,167.95,2019,3,25627,35940,50767,162,395,2.14,exact
00343600,Limestone University,SC,Gaffney,35.057076,-81.649161,26300,26300,9900,2304,38504,17250,0.5184,0.7387,0.94270557,17250,27725,277.16,2019,3,30149,41529,55218,794,1341,1.5,exact
00247900,Lincoln University,MO,Jefferson City,38.564431,-92.166724,8370,15360,9122,2000,19492,15750,0.5019,0.6479,0.889558233,15750,30375,303.65,2019,3,29102,38921,53183,657,850,1.28,exact
00371900,Longwood University,VA,Farmville,37.301137,-78.39575,13910,30350,12076,1350,27336,18760,0.2568,0.5349,0.925256178,18760,25000,249.92,2019,3,29834,43463,54942,1850,2621,1.74,exact
00201000,Louisiana State University & Agricultural & Mechanical College,LA,Baton Rouge,30.414986,-91.178921,11962,28639,12708,1038,25708,13500,0.2387,0.3072,0.79916318,13500,20500,204.93,2019,3,28185,44411,64188,8752,14868,2.17,exact
00806700,Louisiana State University Health Sciences Center in Shreveport,LA,Shreveport,32.480683,-93.761018,,,,,,15719,0.2424,0.5758,,15719,15719,,2019,3,52636,62818,72585,44,51,4.0,fuzzy
00201100,Louisiana State University at Alexandria,LA,Alexandria,31.178616,-92.414409,6638,14024,7950,1220,15808,10743,0.4105,0.4374,0.752854265,10743,20500,204.93,2019,3,32586,47101,74301,1035,1272,2.3,fuzzy
00201300,Louisiana State University in Shreveport,LA,Shreveport,32.428465,-93.70561,7160,20314,8744,1300,17204,13710,0.3795,0.3718,0.78122449,13710,22250,222.43,2019,3,28227,41364,57189,815,1272,1.86,fuzzy
00200800,Louisiana Tech University,LA,Ruston,32.528297,-92.649963,10065,16807,8664,1242,19971,14567,0.2328,0.3351,0.804376658,14567,22352,223.45,2019,3,29410,45952,65341,2810,4542,2.06,exact
00171000,Loyola University Chicago,IL,Chicago,42.000765,-87.656872,46060,46060,14780,1200,62040,19875,0.2337,0.548,0.902449889,19875,24194,241.86,2019,3,33838,50750,69555,6407,9398,2.1,exact
00235800,Macalester College,MN,Saint Paul,44.938565,-93.168053,58478,58478,13084,1213,72775,19270,0.1864,0.4433,0.931906615,19270,22500,224.93,2019,3,32791,49035,71626,1206,1869,2.18,exact
00381500,Marshall University,WV,Huntington,38.422482,-82.428964,8512,19366,10644,1100,20256,17249,0.3781,0.4722,0.831049091,17249,23958,239.5,2019,3,27488,39794,58170,2909,5008,1.66,exact
00372300,Mary Baldwin University,VA,Staunton,38.153884,-79.069273,31110,31110,9730,900,41740,12950,0.5545,0.8318,0.931125828,12950,26965,269.56,2019,3,29148,42163,57090,485,665,1.56,exact
00372400,Marymount University,VA,Arlington,38.905562,-77.128785,34540,34540,14400,1000,49940,20000,0.2822,0.4815,0.921259843,20000,25000,249.92,2019,3,34463,53149,71780,1021,1731,2.13,exact
00201700,McNeese State University,LA,Lake Charles,30.178187,-93.217222,8382,16420,9062,1300,18744,12185,0.3098,0.3806,0.76069869,12185,22534,225.27,2019,3,31918,46587,62888,2142,3182,2.07,exact
01037400,Metropolitan State University,MN,Saint Paul,44.957256,-93.074361,8249,15673,11244,1500,20993,13125,0.453,0.4187,0.769455035,13125,17012,170.06,2019,3,39371,54786,73230,4241,5773,3.22,exact
00136000,Metropolitan State University of Denver,CO,Denver,39.744202,-105.00504,8693,23967,11799,1400,21892,12148,0.3506,0.3912,0.756336476,12148,21500,214.93,2019,3,33009,46463,62768,6900,9496,2.16,exact
00158100,Middle Georgia State University,GA,Macon,32.808092,-83.732058,4060,11407,8410,1275,13745,9500,0.454,0.4307,0.77238806,9500,19564,195.58,2019,3,32592,46124,65381,1928,2615,2.36,exact
00979700,Midland College,TX,Midland,32.029646,-102.106153,2730,5610,5250,1729,9709,6300,0.2025,0.0215,0.155141311,6300,14875,148.7,2019,3,41244,58858,82803,50,64,3.96,exact
00359200,Midwestern State University,TX,Wichita Falls,33.874809,-98.519386,9796,11746,9504,1050,20350,14567,0.3963,0.4698,0.822719449,14567,22067,220.6,2019,3,35837,55711,79904,2767,3560,2.52,exact
00172400,Millikin University,IL,Decatur,39.842612,-88.976298,39592,39592,12210,1000,52802,19500,0.3618,0.655,0.941473259,19500,27000,269.91,2019,3,29274,42371,56626,982,1321,1.57,exact
00236500,Minneapolis College of Art & Design,MN,Minneapolis,44.956988,-93.274705,41794,41794,8380,3164,53338,18230,0.3724,0.8688,0.948320413,18230,26500,264.91,2019,3,22834,30696,41244,256,432,1.16,exact
00236700,Minnesota State University Moorhead,MN,Moorhead,46.867153,-96.759532,8980,16612,9656,1000,19636,15000,0.2984,0.5493,0.919609665,15000,20500,204.93,2019,3,31978,44436,56701,2576,3443,2.17,exact
00236000,"Minnesota State University, Mankato",MN,Mankato,44.146712,-93.99945,8566,16984,10078,1042,19686,14995,0.2455,0.5097,0.910270671,14995,21500,214.93,2019,3,34064,48707,66466,5593,7468,2.27,exact
00248800,Missouri Southern State University,MO,Joplin,37.095155,-94.461689,6964,13928,7209,902,15075,11500,0.4343,0.4464,0.752790545,11500,19168,191.62,2019,3,29762,41093,55444,2202,2920,2.14,exact
00250300,Missouri State University,MO,Springfield,37.199258,-93.281281,7938,16608,9284,1314,18536,16250,0.2508,0.4102,0.858695652,16250,22412,224.05,2019,3,28011,38771,50972,7529,11108,1.73,manual
00251700,Missouri University of Science and Technology,MO,Rolla,37.953426,-91.775583,10165,28116,10722,690,21577,18500,0.2279,0.4527,0.894556365,18500,23750,237.42,2019,3,54322,72556,84710,3337,4238,3.05,exact
00249000,Missouri Western State University,MO,Saint Joseph,39.7575,-94.785643,8875,15300,10030,1000,19905,11000,0.3268,0.3713,0.763700352,11000,21500,214.93,2019,3,29967,42377,58964,1756,2223,1.97,exact
00139300,Mitchell College,CT,New London,41.328013,-72.09523,35072,35072,13906,1200,50178,13500,0.4443,0.6058,0.94295302,13500,25500,254.92,2019,3,21336,30170,38600,111,344,1.18,exact
00172500,Monmouth College,IL,Monmouth,40.914824,-90.63731,41330,41330,9630,,50960,21500,0.3561,0.71,0.929549902,21500,27000,269.91,2019,3,27799,39860,51994,484,708,1.48,exact
00253000,Montana State University - Billings,MT,Billings,45.796896,-108.523009,5980,19310,7600,1540,15120,9928,0.3006,0.3735,0.821278826,9928,18538,185.32,2019,3,32471,44022,57398,989,1324,2.37,exact
00253300,Montana State University - Northern,MT,Havre,48.54149,-109.687806,5955,18665,6470,1400,13825,10500,0.4247,0.4442,0.791955617,10500,17772,177.66,2019,3,37325,49035,70870,324,377,2.76,exact
00253200,Montana State University Bozeman,MT,Bozeman,45.666726,-111.048812,7371,27101,10400,1450,19221,13883,0.2152,0.3663,0.879572544,13883,22995,229.87,2019,3,31047,45952,66551,5612,7871,2.0,fuzzy
00253100,Montana Technological University,MT,Butte,46.012868,-112.559511,7390,22540,10198,1340,18928,11000,0.288,0.4226,0.848894349,11000,21500,214.93,2019,3,54789,70262,87587,695,1095,3.27,exact
00343900,Morris College,SC,Sumter,33.938574,-80.346155,14980,14980,6672,3000,24652,11700,0.8833,0.8983,0.955371901,11700,31450,314.4,2019,3,23078,31991,40849,223,297,1.02,exact
00173300,National Louis University,IL,Chicago,41.880093,-87.624699,11505,11505,13500,0,25005,12500,0.6209,0.3806,0.746537396,12500,20613,206.06,2019,3,34786,46307,60047,1582,2061,2.25,exact
00344000,Newberry College,SC,Newberry,34.285868,-81.619777,28150,28150,11300,850,40300,16000,0.4831,0.7766,0.956043956,16000,26250,262.41,2019,3,30304,42853,56572,472,762,1.63,exact
00200500,Nicholls State University,LA,Thibodaux,29.794486,-90.801571,7946,9039,10156,1300,19402,13000,0.3811,0.4795,0.841438496,13000,22362,223.55,2019,3,30423,44592,61426,2100,2953,1.99,exact
00376500,Norfolk State University,VA,Norfolk,36.848429,-76.261375,9622,20790,10844,2235,22701,17250,0.7406,0.7568,0.921155347,17250,30500,304.9,2019,3,26866,37323,52998,1341,2026,1.22,exact
00295000,North Carolina Central University,NC,Durham,35.974237,-78.898602,6629,19336,10714,1500,18843,21400,0.5976,0.7022,0.903263746,21400,29000,289.9,2019,3,26768,37863,52442,2338,3296,1.31,exact
00297200,North Carolina State University,NC,Raleigh,35.785111,-78.674517,9101,29220,11602,1082,21785,17500,0.195,0.3698,0.857166204,17500,20311,203.04,2019,3,35477,51999,72888,12223,18316,2.56,fuzzy
00344100,North Greenville University,SC,Tigerville,35.069758,-82.37026,22050,22050,10500,2240,34790,14676,0.3315,0.5125,0.812619503,14676,22852,228.44,2019,3,26555,38240,48328,809,1293,1.67,exact
00169300,Northeastern Illinois University,IL,Chicago,41.980399,-87.718983,11827,21720,9698,2400,23925,11250,0.4928,0.2898,0.519561815,11250,15000,149.95,2019,3,32032,44838,59064,2931,4247,2.99,exact
00108200,Northern Arizona University,AZ,Flagstaff,35.188449,-111.653724,11896,26642,11106,1000,24002,12500,0.3268,0.3994,0.791816056,12500,19375,193.69,2019,3,32502,46326,63102,13682,18980,2.39,exact
00173700,Northern Illinois University,IL,Dekalb,41.933869,-88.766428,12352,12352,10880,1300,24532,17750,0.4308,0.5863,0.904048716,17750,22500,224.93,2019,3,32400,46598,64167,6897,9554,2.07,exact
00346600,Northern State University,SD,Aberdeen,45.450829,-98.484728,8750,11821,8925,1200,18875,15500,0.1533,0.2799,0.908,15500,21750,217.43,2019,3,31078,42303,52869,622,827,1.94,exact
00249600,Northwest Missouri State University,MO,Maryville,40.351692,-94.883339,8500,14458,9270,400,18170,13893,0.3063,0.5338,0.889110491,13893,21500,214.93,2019,3,30532,40668,51106,2467,3490,1.89,exact
00359600,Odessa College,TX,Odessa,31.866812,-102.383477,2280,4398,5895,522,8697,6375,0.2163,0.0243,0.188717949,6375,8000,79.97,2019,3,46435,66562,88826,71,70,8.32,exact
00309000,Ohio State University (The),OH,Columbus,39.999324,-83.014853,11518,33502,13066,1082,25666,14750,0.2043,0.3389,0.856381691,14750,20500,204.93,2019,3,34768,51490,71833,23181,35877,2.51,exact
00310000,Ohio University,OH,Athens,39.326798,-82.100985,12612,22406,14024,984,27620,14676,0.2287,0.4977,0.868881638,14676,20629,206.22,2019,3,38134,58150,78717,16013,21267,2.82,exact
00372800,Old Dominion University,VA,Norfolk,36.886418,-76.30666,10800,30960,12988,1300,25088,17000,0.3811,0.5384,0.869272237,17000,24697,246.89,2019,3,31390,45222,63506,8176,11976,1.83,exact
00174100,Olivet Nazarene University,IL,Bourbonnais,41.155237,-87.875165,36950,36950,8990,1000,46940,18833,0.3473,0.7177,0.954285714,18833,25250,252.42,2019,3,34227,50850,71464,1549,2511,2.01,exact
00321100,Oregon Institute of Technology,OR,Klamath Falls,42.257152,-121.785177,11269,31379,9936,1225,22430,16475,0.2338,0.3082,0.835549335,16475,23000,229.92,2019,3,57348,74782,93881,1829,2117,3.25,exact
00321000,Oregon State University,OR,Corvallis,44.56395,-123.274723,11858,31467,13200,1200,26258,15500,0.2299,0.3651,0.860114526,15500,21793,217.86,2019,3,33850,50711,74260,12105,18380,2.33,exact
00158800,Piedmont University,GA,Demorest,34.566042,-83.542126,27520,27520,10850,1544,39914,18750,0.4295,0.6921,0.892230576,18750,25000,249.92,2019,3,33598,47376,68450,636,850,1.9,exact
00321600,Portland State University,OR,Portland,45.511601,-122.686289,10112,29001,13500,1200,24812,16166,0.3898,0.3757,0.810582011,16166,21000,209.93,2019,3,30946,44176,62321,9903,14927,2.1,exact
00344500,Presbyterian College,SC,Clinton,34.465834,-81.87448,40260,40260,10900,1200,52360,13180,0.3004,0.5299,0.858156028,13180,25816,258.07,2019,3,28753,41450,53838,339,626,1.61,exact
00340600,Providence College,RI,Providence,41.842742,-71.437446,54388,54388,14295,1150,69833,26800,0.1431,0.5303,0.975077882,26800,27000,269.91,2019,3,38623,56401,71158,2175,3404,2.09,exact
02116300,Pueblo Community College,CO,Pueblo,38.262124,-104.636258,4520,15942,11439,1800,17759,6000,0.3552,0.2354,0.531929348,6000,11000,109.96,2019,3,53814,69584,87351,55,57,6.33,exact
00182500,Purdue University,IN,West Lafayette,40.428206,-86.914435,9992,28794,10030,1000,21022,15162,0.1533,0.2809,0.799054374,15162,19500,194.94,2019,3,42529,64037,82879,14091,23350,3.28,manual
00182800,Purdue University Fort Wayne,IN,Fort Wayne,41.117278,-85.108962,8730,20961,8765,1240,18735,11000,0.2644,0.2997,0.76077886,11000,22179,221.72,2019,3,32873,44926,60608,2629,3709,2.03,exact
00182700,Purdue University Northwest,IN,Hammond,41.584324,-87.474236,7942,14734,7821,1500,17263,13813,0.317,0.3346,,13813,21207,212.0,2019,3,41121,61656,82284,3960,5695,2.91,exact
00140200,Quinnipiac University,CT,Hamden,41.418915,-72.894117,50760,50760,15440,800,67000,21500,0.1535,0.5901,0.975767918,21500,26000,259.91,2019,3,34010,53628,78002,3396,5330,2.06,exact
00373200,Radford University,VA,Radford,37.136907,-80.549728,11416,23498,9612,1260,22288,16305,0.3793,0.6664,0.938438057,16305,23249,232.41,2019,3,28422,41967,58154,4105,5611,1.81,exact
00373300,Randolph - Macon College,VA,Ashland,37.76043,-77.478416,43940,43940,12680,1200,57820,21500,0.21,0.6053,0.952998379,21500,27000,269.91,2019,3,30053,44122,56812,812,1182,1.63,exact
00373400,Randolph College,VA,Lynchburg,37.437315,-79.171887,25610,25610,11000,1280,37890,17103,0.3982,0.715,0.943502825,17103,27000,269.91,2019,3,22839,29116,38814,234,419,1.08,exact
03091300,Regent University,VA,Virginia Beach,36.801173,-76.194627,18720,18720,7220,1000,26940,11235,0.4852,0.5943,0.842105263,11235,24313,243.05,2019,3,31024,44907,63518,1017,2047,1.85,exact
00373600,Roanoke College,VA,Salem,37.294861,-80.055467,47020,47020,14580,1000,62600,22250,0.2591,0.674,0.956416465,22250,27000,269.91,2019,3,27367,40388,52798,938,1411,1.5,exact
00284500,SUNY College at Geneseo,NY,Geneseo,42.796645,-77.821894,8856,18766,14472,1000,24328,15500,0.2603,0.513,0.90813253,15500,20047,200.4,2019,3,26887,38561,51989,2539,3904,1.92,exact
00285600,SUNY College of Agriculture & Technology at Cobleskill,NY,Cobleskill,42.672534,-74.498258,8591,18501,13800,1200,23591,11000,0.474,0.5983,0.884095299,11000,15750,157.45,2019,3,27952,37726,51929,833,1198,2.4,exact
00285100,SUNY College of Environment Science & Forestry,NY,Syracuse,43.034765,-76.138724,9130,19040,18690,1200,29020,13000,0.271,0.4614,0.89010989,13000,12000,119.96,2019,3,26077,39106,57836,932,1352,3.26,fuzzy
00285400,SUNY College of Technology at Alfred,NY,Alfred,42.255262,-77.794632,8726,15666,13180,1200,23106,12000,0.4934,0.6643,0.916535433,12000,15000,149.95,2019,3,34922,52575,70480,996,1201,3.5,exact
00285500,SUNY College of Technology at Canton,NY,Canton,44.604096,-75.182906,8689,12619,13635,1300,23624,12000,0.5398,0.6988,0.882469136,12000,20000,199.93,2019,3,34245,48201,67379,1129,1360,2.41,exact
00285700,SUNY College of Technology at Delhi,NY,Delhi,42.269859,-74.924612,8640,12410,13320,1300,23260,12000,0.4845,0.5709,0.865402844,12000,15250,152.45,2019,3,42206,68592,95750,1139,1427,4.5,exact
00284300,SUNY Cortland,NY,Cortland,42.598022,-76.188655,8677,18587,13100,1000,22777,17750,0.3079,0.6621,0.941414771,17750,21500,214.93,2019,3,26143,36962,49949,3360,4927,1.72,exact
00285300,SUNY Maritime College,NY,Throggs Neck,40.807217,-73.795309,8522,18432,13747,1500,23769,18250,0.2286,0.4599,0.906306306,18250,23250,232.42,2019,3,57857,78242,98278,727,877,3.37,exact
00284400,SUNY at Fredonia,NY,Fredonia,42.452236,-79.337375,8492,18402,13180,1200,22872,15250,0.4347,0.7107,0.921837992,15250,23300,232.92,2019,3,25279,35488,48618,2123,2927,1.52,exact
00998700,Saint Anthony College of Nursing,IL,Rockford,42.310147,-88.991968,27460,27460,6300,2000,35760,18750,0.4604,0.7475,,18750,21250,212.43,2019,3,61960,73845,82889,237,260,3.48,exact
02185400,Saint Augustine College,IL,Chicago,41.972414,-87.662806,12120,12120,8500,1200,21820,3979,0.7505,0.0499,0.013937282,3979,4083,40.82,2019,3,33458,42938,56473,160,154,10.52,fuzzy
00624000,Saint Francis Medical Center College of Nursing,IL,Peoria,40.701241,-89.590322,,,,,,15000,0.3,0.5031,0.940540541,15000,15000,149.95,2019,3,57242,67090,75722,377,431,4.47,exact
00237900,Saint John's University,MN,Collegeville,45.580075,-94.393621,48166,48166,11362,1000,60528,23250,0.2075,0.6151,0.969432314,23250,27000,269.91,2019,3,35132,51795,64982,818,1193,1.92,fuzzy
00238000,Saint Mary's University of Minnesota,MN,Winona,44.044736,-91.695449,38280,38280,9630,1600,49510,15250,0.2999,0.5985,0.909574468,15250,20832,208.25,2019,3,35626,52999,74210,908,1228,2.54,exact
00360600,Sam Houston State University,TX,Huntsville,30.714738,-95.546205,8736,18552,9670,1380,19786,16694,0.4064,0.5182,0.842166949,16694,22020,220.13,2019,3,30216,43131,60360,9131,13017,1.96,exact
00159000,Savannah State University,GA,Savannah,32.024781,-81.063377,5902,16624,7762,1600,15264,17800,0.6976,0.7616,0.921410091,17800,29313,293.03,2019,3,23087,32403,44785,972,1613,1.11,exact
00994200,Shawnee State University,OH,Portsmouth,38.730867,-82.993769,8604,14647,10862,1250,20716,13750,0.4103,0.547,0.854846566,13750,23000,229.92,2019,3,27789,42037,56553,911,1370,1.83,exact
00373700,Shenandoah University,VA,Winchester,39.167355,-78.157433,33900,33900,10810,1500,46210,20500,0.225,0.6711,0.95840868,20500,25000,249.92,2019,3,30015,47592,65384,1100,1631,1.9,exact
00367900,Snow College,UT,Ephraim,39.360177,-111.58296,3912,13156,3900,1000,8812,3500,0.2612,0.3845,0.526455027,3500,6086,60.84,2019,3,31066,45751,75586,66,95,7.52,exact
00344600,South Carolina State University,SC,Orangeburg,33.497968,-80.848722,11060,21750,9000,2000,22060,20500,0.7309,0.7754,0.918411552,20500,31000,309.9,2019,3,23454,32842,45178,614,972,1.06,exact
00347000,South Dakota School of Mines and Technology,SD,Rapid City,44.075439,-103.205753,11020,15400,7980,2050,21050,20500,0.2016,0.4914,0.922588833,20500,27000,269.91,2019,3,51694,71232,84858,901,1219,2.64,exact
00347100,South Dakota State University,SD,Brookings,44.317485,-96.782139,9200,12675,8069,1200,18469,16750,0.2048,0.5146,0.952068732,16750,23250,232.42,2019,3,38360,52473,68254,4437,5828,2.26,exact
00159200,South Georgia State College,GA,Douglas,31.495903,-82.855231,3310,9662,8750,978,13038,5500,0.5456,0.3589,0.649293717,5500,11949,119.45,2019,3,37592,53647,76903,184,230,4.49,exact
03103400,South Texas College,TX,McAllen,26.217591,-98.253634,4230,7920,6276,1200,11706,,0.3774,0.0,,,,,2019,3,29510,41799,60572,934,1242,,exact
01303907,South University - Columbia,SC,Columbia,34.098042,-80.961839,17014,17014,7108,1500,25622,13516,0.6067,0.6517,0.826102368,13516,25379,253.71,2019,3,34155,53696,73785,169,279,2.12,exact
00250100,Southeast Missouri State University,MO,Cape Girardeau,37.311107,-89.531187,8033,14205,9511,637,18181,14450,0.3142,0.4096,0.804022692,14450,21614,216.07,2019,3,28493,38947,50614,3755,5401,1.8,exact
00202400,Southeastern Louisiana University,LA,Hammond,30.514652,-90.468676,8289,20767,9620,1300,19209,11000,0.3692,0.4199,0.816459444,11000,21500,214.93,2019,3,28461,42033,56519,3863,5404,1.96,exact
00140600,Southern Connecticut State University,CT,New Haven,41.333225,-72.947897,11802,25206,13932,1200,26934,14250,0.4064,0.5877,0.893196203,14250,21500,214.93,2019,3,28669,40922,56235,3783,4933,1.9,exact
00175900,Southern Illinois University Edwardsville,IL,Edwardsville,38.793949,-89.997779,12219,12219,9881,915,23015,16373,0.3309,0.48,0.871261116,16373,20935,209.28,2019,3,34195,49256,68522,5610,7491,2.35,exact
00175800,Southern Illinois University at Carbondale,IL,Carbondale,37.714193,-89.217273,15104,15104,10622,1100,26826,17750,0.3606,0.507,0.867745005,17750,21592,215.85,2019,3,31309,45123,65345,5158,8231,2.09,fuzzy
00321900,Southern Oregon University,OR,Ashland,42.185077,-122.695081,10710,27990,14629,999,26338,15000,0.273,0.345,0.814405889,15000,21497,214.9,2019,3,27627,38967,51011,1788,2588,1.81,exact
00202600,Southern University at New Orleans,LA,New Orleans,30.026162,-90.044912,7059,15960,9040,1300,17399,18750,0.6246,0.6642,0.875471698,18750,30918,309.08,2019,3,29127,39319,49107,507,789,1.27,exact
00367800,Southern Utah University,UT,Cedar City,37.674617,-113.070146,6770,20586,7374,1600,15744,7750,0.284,0.4653,0.652471483,7750,13085,130.81,2019,3,28471,41260,55145,2572,3856,3.15,exact
00373800,Southern Virginia University,VA,Buena Vista,37.740368,-79.35037,17696,17696,8774,1500,27970,15750,0.4851,0.5662,0.873150106,15750,24365,243.57,2019,3,23535,33330,45663,242,536,1.37,exact
00342200,Southern Wesleyan University,SC,Central,34.728068,-82.761586,25676,25676,9370,1060,36106,18297,0.4496,0.6965,0.920911528,18297,26717,267.08,2019,3,28816,40342,51089,534,842,1.51,exact
00237500,Southwest Minnesota State University,MN,Marshall,44.45373,-95.759548,9058,9058,8642,1200,18900,14500,0.1076,0.1614,0.888341544,14500,21180,211.73,2019,3,32360,44284,59643,1083,1425,2.09,exact
00159400,Spelman College,GA,Atlanta,33.745279,-84.411527,29972,29972,14768,3000,47740,22921,0.4269,0.7755,0.910585817,22921,26000,259.91,2019,3,27325,41329,59224,921,1418,1.59,exact
00234200,St. Catherine University,MN,Saint Paul,44.924926,-93.183761,42594,42594,9100,1000,52694,19000,0.3831,0.6721,0.933214073,19000,23788,237.8,2019,3,35569,53306,75243,1292,1808,2.24,exact
00237700,St. Cloud State University,MN,Saint Cloud,45.553227,-94.152657,8779,17195,8992,1200,18971,14370,0.2511,0.3668,0.868617684,14370,21500,214.93,2019,3,34482,47935,63693,4111,5940,2.23,fuzzy
00284600,State University of New York at New Paltz,NY,New Paltz,41.740936,-74.082188,8416,18326,14294,1800,24510,15000,0.3573,0.504,0.857999251,15000,18588,185.82,2019,3,25327,36430,50541,3412,5735,1.96,exact
00362400,Stephen F Austin State University,TX,Nacogdoches,31.621056,-94.64908,10600,21616,9642,1202,21444,17500,0.3728,0.4889,0.866099684,17500,23750,237.42,2019,3,29249,43461,58989,4993,6904,1.83,exact
00362500,Sul Ross State University,TX,Alpine,30.363139,-103.651469,8777,21047,9326,1242,19345,10750,0.5619,0.4435,0.682299546,10750,15556,155.51,2019,3,27070,38642,55017,759,1085,2.48,exact
00374200,Sweet Briar College,VA,Sweet Briar,37.556725,-79.081014,22700,22700,13500,1300,37500,14000,0.3077,0.5755,0.872340426,14000,27000,269.91,2019,3,18884,25965,33477,69,201,0.96,exact
00363100,Tarleton State University,TX,Stephenville,32.214988,-98.214866,8276,17448,9321,1036,18633,13750,0.3918,0.5289,0.85335599,13750,19500,194.94,2019,3,32039,46951,65353,6051,7844,2.41,exact
00965100,Texas A&M International University,TX,Laredo,27.571172,-99.436043,7683,18983,8809,1270,17762,11000,0.6648,0.3754,0.551491819,11000,15000,149.95,2019,3,24881,35873,55383,2301,3769,2.39,fuzzy
04229500,Texas A&M University - Central Texas,TX,Killeen,31.053407,-97.775182,6483,16299,9226,1400,17109,13612,0.5261,0.5312,0.688693098,13612,17207,172.01,2019,3,34323,47077,64863,1097,1806,2.74,exact
00356500,Texas A&M University - Commerce,TX,Commerce,33.243745,-95.908451,9820,22090,9567,1176,20563,14000,0.4347,0.4782,0.811025461,14000,20500,204.93,2019,3,32875,49289,66509,4363,5734,2.4,fuzzy
01116100,Texas A&M University - Corpus Christi,TX,Corpus Christi,27.713723,-97.32395,9553,20343,11247,1104,21904,14640,0.4027,0.478,0.836698337,14640,23347,233.39,2019,3,29662,45723,63316,3811,5603,1.96,fuzzy
00363900,Texas A&M University - Kingsville,TX,Kingsville,27.525168,-97.882387,9779,25266,8787,1244,19810,15131,0.4592,0.5062,0.802219482,15131,23250,232.42,2019,3,27437,40978,59105,2040,3445,1.76,fuzzy
04248500,Texas A&M University-San Antonio,TX,San Antonio,29.304762,-98.52417,8901,21896,10552,1200,20653,12500,0.5252,0.4758,0.755931279,12500,17584,175.78,2019,3,31131,44486,61260,2841,3982,2.53,exact
00364200,Texas Southern University,TX,Houston,29.721046,-95.361113,9173,21443,9280,1646,20099,14000,0.693,0.698,0.816010329,14000,29340,293.3,2019,3,27196,39552,55813,1628,3041,1.35,exact
00361500,Texas State University,TX,San Marcos,29.888885,-97.943029,10855,22307,10880,760,22495,14708,0.3632,0.4915,0.872185154,14708,21218,212.11,2019,3,29458,42795,58894,16059,22815,2.02,exact
00364400,Texas Tech University,TX,Lubbock,33.583448,-101.874783,11600,23870,9956,1200,22756,15750,0.2545,0.3999,0.861119703,15750,22000,219.93,2019,3,32638,48653,66812,13049,20075,2.21,exact
01067400,Texas Tech University Health Sciences Center,TX,Lubbock,33.589284,-101.891915,,,,,,12042,0.1996,0.5237,0.889317889,12042,12500,124.96,2019,3,62762,75339,91365,3277,3608,6.03,exact
04280800,Texas Tech University Health Sciences Center El Paso,TX,El Paso,31.771891,-106.43122,,,,,,12500,0.4233,0.77,,12500,12500,,2019,3,61231,73713,89712,469,,5.9,exact
00364600,Texas Woman's University,TX,Denton,33.226211,-97.127842,8255,18071,9730,1050,19035,14000,0.39,0.4388,0.823440535,14000,19845,198.38,2019,3,33381,50293,68307,5008,6653,2.53,exact
00249500,Truman State University,MO,Kirksville,40.188267,-92.581658,8299,15659,9185,1000,18484,16000,0.1853,0.3572,0.88799505,16000,21500,214.93,2019,3,25389,37274,55327,1902,3133,1.73,exact
00364800,Tyler Junior College,TX,Tyler,32.33601,-95.284122,2962,5482,8640,1300,12902,6128,0.3507,0.2467,0.668811324,6128,11500,114.96,2019,3,43497,60508,77193,83,63,5.26,exact
00312300,University of Akron (The),OH,Akron,41.078551,-81.511679,11881,17765,12296,1000,25177,16000,0.2935,0.4274,0.871297939,16000,24411,244.03,2019,3,34262,50614,69448,6106,8464,2.07,exact
00105100,University of Alabama,AL,Tuscaloosa,33.211875,-87.545978,11620,31090,13810,1000,26430,17671,0.1718,0.3644,0.910741139,17671,23072,230.64,2019,3,34723,51129,71641,14963,23730,2.22,manual
00105200,University of Alabama at Birmingham,AL,Birmingham,33.505697,-86.799345,8568,20400,12307,1200,22075,15085,0.3397,0.4688,0.857462269,15085,22250,222.43,2019,3,31173,46469,65663,5684,8303,2.09,manual
00105500,University of Alabama in Huntsville,AL,Huntsville,34.724557,-86.640449,11338,23734,10652,2200,24190,14000,0.2403,0.3855,0.865215571,14000,21450,214.43,2019,3,40366,59407,78491,3312,4561,2.77,manual
00108300,University of Arizona (The),AZ,Tucson,32.232672,-110.950815,12716,36743,13350,800,26866,14198,0.2875,0.3328,0.792839098,14198,20137,201.3,2019,3,31560,46359,66529,14037,24214,2.3,exact
00141600,University of Bridgeport,CT,Bridgeport,41.164741,-73.190166,35760,35760,16350,,52110,19000,0.4241,0.5886,0.931635389,19000,26000,259.91,2019,3,37336,56110,87823,1340,1980,2.16,exact
00245400,University of Central Missouri,MO,Warrensburg,38.759111,-93.737428,8306,15434,9196,1250,18752,16500,0.2873,0.4508,0.87137637,16500,21500,214.93,2019,3,30651,42608,58374,4075,5656,1.98,exact
00312500,University of Cincinnati,OH,Cincinnati,39.131159,-84.51428,12138,27472,11874,1200,25212,12000,0.2013,0.4378,0.873045005,12000,21537,215.3,2019,3,37916,54769,72804,13905,18736,2.54,exact
00137000,University of Colorado Boulder,CO,Boulder,40.008781,-105.270823,12466,38284,15220,1200,28886,13000,0.1547,0.2634,0.868734336,13000,19500,194.94,2019,3,32913,49403,70668,13023,21466,2.53,exact
00450900,University of Colorado Colorado Springs,CO,Colorado Springs,38.892735,-104.800296,8580,20220,10920,1800,21300,12500,0.3021,0.3985,0.809207709,12500,20498,204.91,2019,3,31340,45760,68279,4153,6122,2.23,exact
00141700,University of Connecticut,CT,Storrs,41.809098,-72.249948,17834,40502,13258,950,32042,19292,0.2239,0.4279,0.851006539,19292,21500,214.93,2019,3,32259,51986,74421,10960,18028,2.42,exact
00159800,University of Georgia,GA,Athens,33.956262,-83.374039,12080,31120,10328,1052,23460,16347,0.196,0.3026,0.834428384,16347,18625,186.19,2019,3,33023,50534,69471,15826,25419,2.71,exact
00142200,University of Hartford,CT,West Hartford,41.798591,-72.715213,43560,43560,13200,1128,57888,19500,0.2819,0.6247,0.955390335,19500,27000,269.91,2019,3,29511,44766,64165,1849,2888,1.66,exact
02107800,University of Hawaii - West Oahu,HI,Kapolei,21.35531,-158.056403,7584,20544,15246,1340,24170,11500,0.3329,0.2604,0.612440191,11500,15453,154.48,2019,3,30027,43967,57238,1285,2058,2.85,exact
00161100,University of Hawaii at Hilo,HI,Hilo,19.701189,-155.080847,7838,20798,8248,1340,17426,13000,0.4478,0.3641,0.671033479,13000,19209,192.03,2019,3,26977,39368,62105,1152,2043,2.05,exact
00161000,University of Hawaii at Manoa,HI,Honolulu,21.298598,-157.818979,12186,34218,13583,1350,27119,13500,0.278,0.318,0.740304709,13500,18575,185.69,2019,3,27856,41276,58652,5791,9552,2.22,exact
00365200,University of Houston,TX,Houston,29.720393,-95.343537,9457,21673,9750,1360,20567,14000,0.4063,0.3591,0.730269058,14000,18500,184.94,2019,3,32634,49882,69111,16492,24589,2.7,exact
01171100,University of Houston - Clear Lake,TX,Houston,29.582523,-95.098129,7504,20752,11019,1316,19839,13560,0.4231,0.3707,0.630852843,13560,17871,178.65,2019,3,32926,48909,65030,3256,4635,2.74,exact
00361200,University of Houston - Downtown,TX,Houston,29.7661,-95.359338,7222,17038,9379,1289,17890,14486,0.4805,0.3287,0.627513031,14486,18750,187.44,2019,3,34621,49482,67863,6451,8597,2.64,exact
01323100,University of Houston - Victoria,TX,Victoria,28.816248,-96.976334,7313,17129,9860,1158,18331,13250,0.4794,0.4501,0.777363184,13250,19201,191.95,2019,3,33035,46982,64574,1691,2267,2.45,exact
00177600,University of Illinois Chicago,IL,Chicago,41.871837,-87.650503,14098,28448,12000,1400,27498,14000,0.5055,0.355,0.622161218,14000,17250,172.44,2019,3,31715,46376,68509,9521,14471,2.69,exact
00177500,University of Illinois Urbana-Champaign,IL,Champaign,40.104718,-88.229114,15150,32600,12252,1200,28602,17000,0.243,0.342,0.866674231,17000,19500,194.94,2019,3,37149,58556,83595,16057,27334,3.0,exact
00933300,University of Illinois at Springfield,IL,Springfield,39.729524,-89.616796,11911,21526,9760,1200,22871,15000,0.3568,0.4536,0.840417599,15000,19184,191.78,2019,3,33124,45610,65162,1297,1906,2.38,fuzzy
00189200,University of Iowa,IA,Iowa City,41.661935,-91.536425,9606,31569,11590,950,22146,17750,0.1945,0.4182,0.9014402,17750,22500,224.93,2019,3,31577,46916,65131,12169,18037,2.09,exact
00203100,University of Louisiana at Lafayette,LA,Lafayette,30.212191,-92.020165,10358,24086,11144,1300,22802,14250,0.3471,0.4529,0.814551607,14250,22000,219.93,2019,3,30271,47195,69247,5775,8652,2.15,exact
00202000,University of Louisiana at Monroe,LA,Monroe,32.527748,-92.07374,9070,21170,8914,1300,19284,14250,0.3652,0.4091,0.821086262,14250,20751,207.44,2019,3,30965,47043,65510,2291,3672,2.27,exact
00374600,University of Mary Washington,VA,Fredericksburg,38.302492,-77.476055,13845,30502,11734,1200,26779,15395,0.1932,0.4247,0.90591227,15395,20500,204.93,2019,3,27705,41407,57382,2155,3274,2.02,exact
00238800,University of Minnesota  Duluth,MN,Duluth,46.817126,-92.084385,13576,18776,8470,1200,23246,16034,0.205,0.518,0.923628908,16034,22514,225.07,2019,3,31499,45741,60942,4976,6633,2.03,exact
00406900,University of Minnesota - Crookston,MN,Crookston,47.802536,-96.606188,12014,12014,9076,1000,22090,13000,0.2121,0.3551,0.897937025,13000,19873,198.66,2019,3,39937,54634,74578,989,1384,2.75,exact
00396903,University of Minnesota - Rochester,MN,Rochester,44.022339,-92.463471,12850,12850,10914,1000,24764,16750,0.3549,0.542,0.876880062,16750,19500,194.94,2019,3,29401,47005,72014,277,330,2.41,exact
00396900,University of Minnesota - Twin Cities,MN,Minneapolis,44.972851,-93.235464,15027,33325,10358,1000,26385,16750,0.1786,0.367,0.876880062,16750,19500,194.94,2019,3,32902,49651,70892,18127,27289,2.55,exact
00238900,University of Minnesota Morris,MN,Morris,45.589775,-95.899729,13578,15632,8632,800,23010,12000,0.3142,0.4536,0.8005997,12000,18768,187.62,2019,3,27717,41680,53485,664,1083,2.22,exact
00251600,University of Missouri - Columbia,MO,Columbia,38.94531,-92.328843,10723,29005,10668,1032,22423,17945,0.2148,0.3769,0.891824249,17945,21000,209.93,2019,3,34513,48685,65714,11394,17069,2.32,exact
00251800,University of Missouri - Kansas City,MO,Kansas City,39.034179,-94.582141,10145,25186,11748,770,22663,14750,0.2394,0.3037,0.836291391,14750,18751,187.45,2019,3,33187,46869,62907,3682,5639,2.5,exact
00251900,University of Missouri - Saint Louis,MO,Saint Louis,38.710312,-90.311091,10573,27972,10432,1000,22005,16779,0.2134,0.2589,0.830553901,16779,20500,204.93,2019,3,32807,45272,62495,4256,5698,2.21,fuzzy
00253600,University of Montana (The),MT,Missoula,46.859312,-113.982912,7430,27256,10154,1100,18684,14499,0.3417,0.4815,0.858226524,14499,21500,214.93,2019,3,25556,35369,47177,2674,4321,1.65,exact
00253700,University of Montana Western (The),MT,Dillon,45.208306,-112.639264,5747,17209,8280,800,14827,12000,0.3792,0.4786,0.804539723,12000,21000,209.93,2019,3,28259,37401,48577,563,719,1.78,exact
00139700,University of New Haven,CT,West Haven,41.291314,-72.961472,41654,41654,17049,1000,59703,19500,0.2799,0.8308,0.964209629,19500,27000,269.91,2019,3,29234,43175,60922,2183,3334,1.6,exact
00201500,University of New Orleans (The),LA,New Orleans,30.027704,-90.067142,9072,13908,9795,1300,20167,10500,0.3891,0.3666,0.767497034,10500,17541,175.35,2019,3,26666,39703,55290,2009,3350,2.26,exact
00290700,University of North Carolina  Asheville,NC,Asheville,35.617068,-82.565392,7244,24592,9950,1200,18394,14500,0.3507,0.4477,0.830260648,14500,20987,209.8,2019,3,23718,32975,45490,1460,2447,1.57,fuzzy
00297400,University of North Carolina - Chapel Hill,NC,Chapel Hill,35.911769,-79.050969,8980,36159,11740,990,21710,13000,0.2286,0.2356,0.69296741,13000,14500,144.95,2019,3,33727,52124,77505,12188,18844,3.59,fuzzy
00297500,University of North Carolina - Charlotte,NC,Charlotte,35.306022,-80.730919,7096,20530,12800,1250,21146,16889,0.3592,0.4883,0.845131866,16889,21668,216.61,2019,3,32039,46100,64788,13075,18318,2.13,fuzzy
00297600,University of North Carolina -Greensboro,NC,Greensboro,36.068236,-79.809414,7403,22562,9482,1000,17885,16279,0.4821,0.5622,0.84386985,16279,23000,229.92,2019,3,27653,39585,53158,7127,10884,1.72,fuzzy
00398100,University of North Carolina School of the Arts,NC,Winston Salem,36.076183,-80.235672,9358,25901,9456,1325,20139,20500,0.2766,0.5339,0.911357341,20500,25000,249.92,2019,3,23325,32697,46435,309,598,1.31,exact
00295400,University of North Carolina at Pembroke,NC,Pembroke,34.688313,-79.200347,3456,7456,10660,1505,15621,15094,0.5251,0.5925,0.852768327,15094,25031,250.23,2019,3,28821,40549,54807,2526,3418,1.62,exact
00298400,University of North Carolina at Wilmington (The),NC,Wilmington,34.225223,-77.875527,7181,21246,11346,1130,19657,15750,0.2672,0.4195,0.860728439,15750,20000,199.93,2019,3,30738,46295,68336,8414,11911,2.31,fuzzy
00158500,University of North Georgia,GA,Dahlonega,34.530219,-83.985694,4976,14481,11140,1440,17556,9500,0.2982,0.2817,0.643009605,9500,18750,187.44,2019,3,31100,44298,56577,4425,6191,2.36,exact
00359400,University of North Texas,TX,Denton,33.211178,-97.148422,11090,20906,9888,1000,21978,13750,0.3634,0.487,0.831929466,13750,19200,191.94,2019,3,29350,43366,61016,16011,23620,2.26,exact
04242100,University of North Texas at Dallas,TX,Dallas,32.659588,-96.803446,8143,21787,9202,1500,18845,12355,0.5776,0.4002,0.656722871,12355,18502,184.96,2019,3,34458,46997,61960,1626,2024,2.54,exact
00134900,University of Northern Colorado,CO,Greeley,40.410855,-104.692777,10062,22320,11310,1200,22572,13609,0.2745,0.4219,0.854796477,13609,20500,204.93,2019,3,29392,41379,54404,4340,6180,2.02,exact
00189000,University of Northern Iowa,IA,Cedar Falls,42.514923,-92.459703,8938,21222,9160,800,18898,16486,0.2568,0.532,0.91419295,16486,20000,199.93,2019,3,31046,43076,54880,5748,7411,2.15,exact
00237100,University of Northwestern- St Paul,MN,Saint Paul,45.033703,-93.167822,33200,33200,10000,500,43700,17500,0.1739,0.3584,0.926931107,17500,21413,214.06,2019,3,32106,46164,65593,1586,2150,2.16,exact
00322300,University of Oregon,OR,Eugene,44.045146,-123.075792,13857,39309,12783,1140,27780,15040,0.2508,0.3385,0.850877193,15040,20500,204.93,2019,3,28107,40725,56672,8647,14581,1.99,exact
00374400,University of Richmond,VA,University of Richmond,37.577393,-77.538806,56860,56860,13430,1100,71390,18592,0.1918,0.361,0.895757576,18592,20500,204.93,2019,3,41832,61471,82732,1998,3016,3.0,exact
00140900,University of Saint Joseph,CT,West Hartford,41.781041,-72.72965,41736,41736,12242,1000,54978,25000,0.3794,0.7622,0.94934334,25000,27000,269.91,2019,3,36715,64122,87115,497,608,2.37,exact
00234500,University of Saint Thomas,MN,Saint Paul,44.943439,-93.188986,47383,47383,11580,1050,60013,19500,0.1842,0.4697,0.947608201,19500,24201,241.93,2019,3,39066,55508,71705,3305,4592,2.29,fuzzy
00344900,University of South Carolina - Aiken,SC,Aiken,33.572704,-81.767612,10760,21218,7946,1240,19946,14250,0.3881,0.5092,0.867822967,14250,24825,248.17,2019,3,32122,45115,62818,1272,1714,1.82,exact
00344800,University of South Carolina - Columbia,SC,Columbia,33.996788,-81.026935,12688,33928,10962,1085,24735,19000,0.1949,0.4429,0.909258576,19000,22303,222.96,2019,3,31907,47316,66884,12396,21178,2.12,exact
00345000,University of South Carolina Beaufort,SC,Bluffton,32.303308,-80.973595,10730,21776,8440,1266,20436,14000,0.4167,0.6065,0.892633229,14000,25000,249.92,2019,3,27740,39824,54051,844,1172,1.59,exact
00695100,University of South Carolina Upstate,SC,Spartanburg,34.996403,-81.970583,11583,23085,8598,1600,21781,15000,0.4475,0.5874,0.891353263,15000,22169,221.62,2019,3,32353,45978,69330,2819,3684,2.07,exact
00347400,University of South Dakota,SD,Vermillion,42.786019,-96.925283,9332,12807,8410,1200,18942,16750,0.2328,0.4908,0.948029891,16750,23500,234.92,2019,3,33976,47338,63842,3044,4088,2.01,exact
00180800,University of Southern Indiana,IN,Evansville,37.962374,-87.677214,9285,20822,9514,1200,19999,13000,0.2495,0.3687,0.829125073,13000,20734,207.27,2019,3,31969,44859,63306,3640,4888,2.16,exact
00495100,University of Texas Health Science Center at Houston,TX,Houston,29.702873,-95.403183,,,,,,13536,0.4307,0.6587,0.877431907,13536,15000,149.95,2019,3,66395,78599,90856,1330,1436,5.24,exact
00365900,University of Texas Health Science Center at San Antonio,TX,San Antonio,29.508107,-98.575655,,,,,,15000,0.297,0.521,0.8866171,15000,15501,154.96,2019,3,57819,68081,80721,1049,1145,4.39,exact
02555400,University of Texas M.D. Anderson Cancer Center,TX,Houston,29.707016,-95.396804,,,,,,11000,0.339,0.3818,0.729885058,11000,12500,124.96,2019,3,59652,73747,86226,455,472,5.9,fuzzy
00495200,University of Texas Medical Branch at Galveston,TX,Galveston,29.310758,-94.775956,,,,,,13313,0.2048,0.4046,0.93083004,13313,14500,144.95,2019,3,65402,75599,88040,1269,1341,5.21,exact
00359900,University of Texas Rio Grande Valley,TX,Edinburg,26.306759,-98.173567,8917,18733,8126,1240,18283,9500,0.6362,0.3398,0.474875089,9500,12981,129.77,2019,3,24967,35796,52631,8578,13834,2.76,exact
00365600,University of Texas at Arlington,TX,Arlington,32.729718,-97.11296,11378,28524,10370,1206,22954,12477,0.3485,0.3734,0.776647786,12477,18166,181.6,2019,3,43602,68101,95272,20695,26311,3.75,exact
00365800,University of Texas at Austin,TX,Austin,30.282825,-97.738273,11448,40032,12286,714,24448,18500,0.2225,0.3039,0.816501583,18500,20250,202.43,2019,3,36030,56601,83320,19968,31505,2.8,exact
00974100,University of Texas at Dallas,TX,Richardson,32.984673,-96.749702,13992,38970,11762,1200,26954,13921,0.3223,0.3805,0.711050103,13921,18700,186.94,2019,3,34066,53107,75463,8756,13687,2.84,exact
00366100,University of Texas at El Paso,TX,El Paso,31.77015,-106.504098,9450,24516,9496,1632,20578,12500,0.5731,0.3707,0.536999894,12500,18460,184.54,2019,3,28048,43080,64251,7166,11697,2.33,exact
01011500,University of Texas at San Antonio,TX,San Antonio,29.583709,-98.620657,8566,20572,8676,1000,18242,15000,0.4532,0.4878,0.768568253,15000,21208,212.01,2019,3,28085,40773,58306,12090,17157,1.92,exact
01116300,University of Texas at Tyler,TX,Tyler,32.315772,-95.254337,9146,23736,9618,1292,20056,13000,0.3472,0.3478,0.766883117,13000,17495,174.89,2019,3,39514,58901,79281,4574,5760,3.37,exact
00993000,University of Texas of the Permian Basin,TX,Odessa,31.889509,-102.329634,4837,9745,10178,1000,16015,11044,0.294,0.2963,0.715937657,11044,16206,162.01,2019,3,39090,54584,73257,2014,2709,3.37,fuzzy
00313100,University of Toledo,OH,Toledo,41.660572,-83.614714,11082,20442,12590,1180,24852,14000,0.2917,0.4518,0.860394995,14000,21852,218.45,2019,3,34669,52159,70831,6170,9504,2.39,exact
00367500,University of Utah,UT,Salt Lake City,40.762484,-111.846044,8615,27220,10201,1322,20138,13378,0.2381,0.2757,0.748835856,13378,18750,187.44,2019,3,32872,48538,68324,11434,15960,2.59,exact
00374500,University of Virginia,VA,Charlottesville,38.035665,-78.503428,18960,52843,12350,1356,32666,15711,0.1358,0.2495,0.848376623,15711,18250,182.44,2019,3,43108,69549,95115,10452,15865,3.81,exact
00374700,University of Virginia's College at Wise (The),VA,Wise,36.970602,-82.559656,10836,29798,11277,1600,23713,12000,0.3832,0.3155,0.731946144,12000,17900,178.94,2019,3,27333,39842,51694,508,738,2.23,exact
00160100,University of West Georgia,GA,Carrollton,33.573621,-85.097762,6521,17576,10340,1200,18061,14000,0.4532,0.5358,0.865605205,14000,24026,240.18,2019,3,27404,40561,56151,3942,5759,1.69,exact
00391700,University of Wisconsin - Eau Claire,WI,Eau Claire,44.798284,-91.501906,8870,17145,8475,400,17745,14787,0.2204,0.4948,0.907983411,14787,21500,214.93,2019,3,31787,45907,61133,4945,6819,2.14,exact
00389900,University of Wisconsin - Green Bay,WI,Green Bay,44.532298,-87.919973,7873,16091,7280,800,15953,11483,0.2599,0.3719,0.847063311,11483,18750,187.44,2019,3,32492,44728,58723,2857,4096,2.39,exact
00391900,University of Wisconsin - LaCrosse,WI,La Crosse,43.81568,-91.23186,9160,17979,6594,120,15874,17707,0.1854,0.4984,0.926914153,17707,22297,222.9,2019,3,30047,42919,55807,4640,6670,1.92,fuzzy
00389500,University of Wisconsin - Madison,WI,Madison,43.075409,-89.404098,10742,38630,12200,1150,24092,18250,0.1437,0.2659,0.84156039,18250,20500,204.93,2019,3,35861,54071,75846,14536,28487,2.64,exact
00389600,University of Wisconsin - Milwaukee,WI,Milwaukee,43.076848,-87.880488,9254,21119,10692,800,20746,15625,0.3175,0.4969,0.882319305,15625,23948,239.4,2019,3,32801,46665,63414,8334,12524,1.95,exact
00392000,University of Wisconsin - Oshkosh,WI,Oshkosh,44.026206,-88.549369,7717,15290,8506,1000,17223,14000,0.1877,0.3406,0.91239083,14000,22068,220.61,2019,3,35738,49203,65248,4382,5923,2.23,exact
00501500,University of Wisconsin - Parkside,WI,Kenosha,42.647718,-87.855231,7444,15714,7726,600,15770,13193,0.3817,0.49,0.817079333,13193,21375,213.68,2019,3,29101,42030,55623,1566,2401,1.97,exact
00392100,University of Wisconsin - Platteville,WI,Platteville,42.733451,-90.48622,7873,16148,7770,200,15843,15500,0.2384,0.4935,0.909090909,15500,21986,219.79,2019,3,41849,57560,72443,3717,4693,2.62,exact
00392300,University of Wisconsin - River Falls,WI,River Falls,44.8534,-92.622641,8063,15636,6900,400,15363,14500,0.2611,0.5426,0.906911706,14500,20500,204.93,2019,3,31427,42714,55388,2722,3918,2.08,exact
00392400,University of Wisconsin - Stevens Point,WI,Stevens Point,44.529582,-89.570934,8300,17004,7630,300,16230,15487,0.3001,0.5142,0.91046832,15487,22140,221.33,2019,3,27993,40290,51039,3662,5497,1.82,exact
00391500,University of Wisconsin - Stout,WI,Menomonie,44.873187,-91.926653,9488,17455,7398,426,17312,17132,0.2593,0.5558,0.922787739,17132,23825,238.17,2019,3,36836,50149,69043,3497,4534,2.1,exact
00392500,University of Wisconsin - Superior,WI,Superior,46.717629,-92.091007,8140,15713,7025,970,16135,14468,0.342,0.5387,0.886178862,14468,23750,237.42,2019,3,29369,40447,50568,925,1394,1.7,exact
00392600,University of Wisconsin - Whitewater,WI,Whitewater,42.835563,-88.742368,7735,16607,7650,580,15965,17762,0.2615,0.5205,0.918244598,17762,23223,232.15,2019,3,32377,44771,56928,5266,7101,1.93,exact
00393200,University of Wyoming,WY,Laramie,41.311773,-105.57931,5791,19531,10615,1200,17606,11895,0.2252,0.3204,0.818875781,11895,18318,183.12,2019,3,30590,45418,61200,4811,7207,2.48,exact
00144100,University of the District of Columbia,DC,Washington,38.943819,-77.066247,6152,13004,17205,1280,24637,12500,0.4603,0.3527,0.563914373,12500,25000,249.92,2019,3,36476,53985,69622,540,1139,2.16,exact
00367700,Utah State University,UT,Logan,41.740748,-111.81391,8764,23452,8016,820,17600,9240,0.3151,0.256,0.65695512,9240,14429,144.24,2019,3,31089,45812,62301,8516,13283,3.17,exact
00402700,Utah Valley University,UT,Orem,40.281078,-111.716456,5906,16806,9018,588,15512,8747,0.2834,0.1299,0.567618669,8747,15108,151.03,2019,3,34655,50504,68431,8673,11180,3.34,exact
00159900,Valdosta State University,GA,Valdosta,30.847402,-83.289282,6583,17638,8476,1200,16259,16000,0.5081,0.5804,0.86645824,16000,25000,249.92,2019,3,26715,38319,52138,3046,4627,1.53,exact
00184300,Vincennes University,IN,Vincennes,38.687766,-87.519939,6251,14781,10590,1276,18117,9397,0.1327,0.1325,0.76818877,9397,12596,125.92,2019,3,40668,52425,70478,453,547,4.16,exact
00373500,Virginia Commonwealth University,VA,Richmond,37.54962,-77.452697,14710,36048,11504,1500,27714,17000,0.2909,0.4654,0.900543541,17000,21500,214.93,2019,3,28627,41938,59904,10404,15963,1.95,exact
00375300,Virginia Military Institute,VA,Lexington,37.7896,-79.437067,19210,47220,10060,1000,30270,17674,0.1466,0.6531,0.94379845,17674,21500,214.93,2019,3,39187,58887,74981,435,1159,2.74,exact
00375400,Virginia Polytechnic Institute & State University,VA,Blacksburg,37.229012,-80.423675,13749,32893,9556,1100,24405,19500,0.1435,0.3703,0.905867781,19500,22406,223.99,2019,3,39805,62856,82150,14415,21991,2.81,exact
00376400,Virginia State University,VA,Petersburg,37.234692,-77.419026,9154,20909,11544,1300,21998,16000,0.7053,0.7804,0.933783214,16000,27000,269.91,2019,3,25270,36966,54000,1361,1941,1.37,exact
00376600,Virginia Union University,VA,Richmond,37.562405,-77.450903,13530,13530,9358,2000,24888,26000,0.6865,0.8323,0.92893401,26000,29000,289.9,2019,3,25587,36008,49620,474,644,1.24,exact
00376700,Virginia Wesleyan University,VA,Virginia Beach,36.868417,-76.18606,36910,36910,9917,1500,48327,13000,0.3742,0.6662,0.940520446,13000,27000,269.91,2019,3,26758,37901,49855,583,839,1.4,exact
00368000,Weber State University,UT,Ogden,41.192591,-111.944845,5956,16138,8824,1400,16180,9500,0.2043,0.1412,0.592555666,9500,15500,154.95,2019,3,38721,55778,73627,6322,7753,3.6,exact
00366500,West Texas A&M University,TX,Canyon,34.982789,-101.914736,8456,9903,7496,1000,16952,13500,0.6402,0.7705,0.800731776,13500,19500,194.94,2019,3,31473,46525,66409,3911,5245,2.39,fuzzy
00382700,West Virginia University,WV,Morgantown,39.634371,-79.954391,8976,25320,10948,950,20874,15000,0.2283,0.4868,0.873605948,15000,22786,227.78,2019,3,30277,45111,65848,8413,13750,1.98,exact
00382701,West Virginia University - Institute of Technology,WV,Beckley,37.775924,-81.184072,7560,18912,11314,950,19824,15000,0.2848,0.3239,0.873605948,15000,22786,227.78,2019,3,29948,45210,65859,368,,1.98,exact
00382800,West Virginia University - Parkersburg,WV,Parkersburg,39.216379,-81.506192,3890,8642,7200,1500,12590,8300,0.3183,0.1877,0.599388379,8300,15995,159.9,2019,3,33097,43227,60942,508,689,2.7,fuzzy
00298100,Western Carolina University,NC,Cullowhee,35.308979,-83.186258,4285,8285,10954,616,15855,15656,0.3598,0.5115,0.8646455,15656,22492,224.85,2019,3,29673,42970,58004,5251,7167,1.91,exact
00137200,Western Colorado University,CO,Gunnison,38.549936,-106.919132,10646,22430,9874,1300,21820,12000,0.1686,0.3173,0.907192575,12000,22441,224.34,2019,3,24822,35899,49197,945,1320,1.6,exact
00138000,Western Connecticut State University,CT,Danbury,41.400365,-73.444264,11781,25185,13876,1300,26957,16056,0.3392,0.5387,0.880018459,16056,23763,237.55,2019,3,29609,44363,65628,2140,2992,1.87,exact
00178000,Western Illinois University,IL,Macomb,40.468086,-90.686899,13314,13314,9800,1200,24314,20000,0.4815,0.6341,0.911292256,20000,25047,250.39,2019,3,29705,41267,56021,3426,5026,1.65,exact
00320900,Western Oregon University,OR,Monmouth,44.852235,-123.238309,10194,29004,10389,1200,21783,15000,0.3799,0.755,0.887046168,15000,21099,210.92,2019,3,29230,40230,50825,2264,3357,1.91,exact
00178100,Wheaton College,IL,Wheaton,41.870176,-88.099643,39100,39100,10990,800,50890,20103,0.2038,0.4927,0.947368421,20103,23000,229.92,2019,3,28753,42451,59706,1036,2027,1.85,exact
00239400,Winona State University,MN,Winona,44.046159,-91.643723,9780,15971,9310,900,19990,15114,0.2617,0.5876,0.917098446,15114,22250,222.43,2019,3,34555,48111,64298,3960,5163,2.16,exact
00298600,Winston-Salem State University,NC,Winston-Salem,36.089554,-80.225033,5941,16188,10888,1300,18129,18500,0.6482,0.7219,0.910998553,18500,25000,249.92,2019,3,29734,44549,69893,2372,3048,1.78,exact
00345600,Winthrop University,SC,Rock Hill,34.941515,-81.031404,15836,30166,9810,1200,26846,19354,0.4064,0.6127,0.918480581,19354,27000,269.91,2019,3,26317,37978,48062,1985,3008,1.41,exact
00345700,Wofford College,SC,Spartanburg,34.959411,-81.933568,47650,47650,13790,1200,62640,22375,0.1651,0.4297,0.914460285,22375,25558,255.5,2019,3,27979,42527,56524,568,1430,1.66,exact
00307800,Wright State University,OH,Dayton,39.780634,-84.064881,10012,19430,12000,1400,23412,14819,0.3257,0.4741,0.871677671,14819,23500,234.92,2019,3,31835,46309,64295,4537,6500,1.97,exact
00160400,Young Harris College,GA,Young Harris,34.933523,-83.84587,29667,29667,11512,,41179,12000,0.2282,0.3973,0.912801484,12000,27000,269.91,2019,3,22038,33325,45313,272,500,1.23,exact
00314500,Youngstown State University,OH,Youngstown,41.104928,-80.64659,9656,10016,9700,1100,20456,15200,0.3789,0.4718,0.836444444,15200,24870,248.62,2019,3,30509,44521,63379,3812,5296,1.79,exact
